Order ID,User ID,Product ID,Quantity,Order Date
1,39,184,4,2022-01-01
2,53,121,3,2022-01-02
3,42,10,3,2022-01-03
4,58,158,9,2022-01-04
5,39,153,6,2022-01-05
6,14,103,9,2022-01-06
7,95,84,5,2022-01-07
8,5,133,2,2022-01-08
9,35,65,8,2022-01-09
10,87,177,5,2022-01-10
11,93,3,2,2022-01-11
12,75,173,4,2022-01-12
13,18,142,9,2022-01-13
14,76,120,4,2022-01-14
15,9,158,4,2022-01-15
16,74,68,2,2022-01-16
17,58,146,6,2022-01-17
18,17,190,2,2022-01-18
19,7,37,7,2022-01-19
20,46,153,3,2022-01-20
21,13,176,3,2022-01-21
22,40,193,5,2022-01-22
23,42,181,3,2022-01-23
24,9,73,2,2022-01-24
25,50,143,9,2022-01-25
26,27,49,2,2022-01-26
27,66,121,2,2022-01-27
28,5,88,8,2022-01-28
29,29,196,9,2022-01-29
30,37,140,7,2022-01-30
31,38,187,3,2022-01-31
32,83,37,9,2022-02-01
33,8,61,3,2022-02-02
34,65,171,5,2022-02-03
35,86,124,9,2022-02-04
36,17,198,3,2022-02-05
37,71,39,7,2022-02-06
38,89,184,1,2022-02-07
39,45,63,4,2022-02-08
40,4,46,4,2022-02-09
41,36,88,7,2022-02-10
42,70,11,8,2022-02-11
43,31,62,1,2022-02-12
44,19,77,5,2022-02-13
45,61,153,7,2022-02-14
46,54,199,4,2022-02-15
47,39,52,4,2022-02-16
48,91,4,4,2022-02-17
49,74,59,6,2022-02-18
50,90,72,7,2022-02-19
51,19,148,2,2022-02-20
52,39,93,5,2022-02-21
53,67,63,4,2022-02-22
54,45,54,3,2022-02-23
55,13,117,7,2022-02-24
56,92,110,6,2022-02-25
57,58,74,7,2022-02-26
58,20,107,5,2022-02-27
59,92,57,6,2022-02-28
60,72,169,5,2022-03-01
61,61,3,7,2022-03-02
62,39,120,2,2022-03-03
63,1,6,5,2022-03-04
64,3,5,6,2022-03-05
65,77,5,6,2022-03-06
66,92,54,5,2022-03-07
67,62,47,7,2022-03-08
68,63,177,8,2022-03-09
69,25,9,7,2022-03-10
70,56,99,5,2022-03-11
71,33,20,1,2022-03-12
72,38,122,5,2022-03-13
73,6,61,2,2022-03-14
74,58,123,5,2022-03-15
75,44,163,5,2022-03-16
76,45,178,2,2022-03-17
77,32,82,5,2022-03-18
78,45,62,4,2022-03-19
79,61,145,1,2022-03-20
80,47,3,3,2022-03-21
81,21,160,1,2022-03-22
82,80,13,5,2022-03-23
83,85,120,4,2022-03-24
84,75,125,7,2022-03-25
85,36,89,5,2022-03-26
86,99,73,4,2022-03-27
87,19,68,2,2022-03-28
88,20,142,4,2022-03-29
89,57,101,2,2022-03-30
90,18,98,8,2022-03-31
91,47,11,3,2022-04-01
92,49,105,9,2022-04-02
93,14,184,4,2022-04-03
94,15,67,6,2022-04-04
95,31,123,5,2022-04-05
96,1,29,1,2022-04-06
97,54,137,9,2022-04-07
98,3,195,1,2022-04-08
99,16,153,8,2022-04-09
100,87,76,9,2022-04-10
101,57,170,9,2022-04-11
102,75,9,1,2022-04-12
103,12,40,2,2022-04-13
104,74,25,1,2022-04-14
105,96,5,2,2022-04-15
106,16,139,8,2022-04-16
107,72,187,5,2022-04-17
108,76,124,7,2022-04-18
109,24,38,2,2022-04-19
110,28,72,8,2022-04-20
111,8,133,6,2022-04-21
112,92,176,8,2022-04-22
113,36,90,1,2022-04-23
114,90,146,1,2022-04-24
115,8,198,7,2022-04-25
116,58,37,8,2022-04-26
117,60,60,3,2022-04-27
118,50,176,5,2022-04-28
119,28,28,1,2022-04-29
120,92,197,7,2022-04-30
121,41,81,5,2022-05-01
122,100,114,8,2022-05-02
123,64,40,8,2022-05-03
124,27,45,9,2022-05-04
125,63,62,7,2022-05-05
126,17,93,1,2022-05-06
127,73,115,3,2022-05-07
128,33,186,8,2022-05-08
129,84,67,3,2022-05-09
130,77,56,8,2022-05-10
131,92,40,1,2022-05-11
132,29,98,5,2022-05-12
133,13,40,4,2022-05-13
134,46,91,5,2022-05-14
135,35,33,8,2022-05-15
136,6,6,4,2022-05-16
137,82,147,4,2022-05-17
138,69,80,3,2022-05-18
139,47,168,7,2022-05-19
140,25,92,3,2022-05-20
141,66,97,3,2022-05-21
142,10,59,5,2022-05-22
143,56,59,5,2022-05-23
144,30,48,6,2022-05-24
145,5,169,8,2022-05-25
146,33,13,6,2022-05-26
147,65,107,1,2022-05-27
148,18,45,8,2022-05-28
149,96,89,8,2022-05-29
150,49,181,9,2022-05-30
151,11,170,9,2022-05-31
152,85,100,2,2022-06-01
153,26,191,2,2022-06-02
154,63,155,3,2022-06-03
155,89,166,1,2022-06-04
156,86,188,4,2022-06-05
157,59,7,4,2022-06-06
158,27,133,9,2022-06-07
159,49,45,9,2022-06-08
160,77,58,9,2022-06-09
161,33,31,7,2022-06-10
162,98,23,2,2022-06-11
163,99,170,5,2022-06-12
164,1,138,4,2022-06-13
165,21,160,8,2022-06-14
166,55,107,2,2022-06-15
167,6,181,6,2022-06-16
168,92,158,5,2022-06-17
169,81,39,2,2022-06-18
170,69,159,1,2022-06-19
171,95,82,8,2022-06-20
172,5,100,2,2022-06-21
173,3,2,7,2022-06-22
174,53,77,9,2022-06-23
175,23,12,9,2022-06-24
176,53,39,8,2022-06-25
177,37,194,9,2022-06-26
178,74,13,2,2022-06-27
179,74,46,6,2022-06-28
180,83,155,4,2022-06-29
181,17,113,4,2022-06-30
182,85,17,5,2022-07-01
183,78,104,3,2022-07-02
184,73,98,1,2022-07-03
185,1,188,8,2022-07-04
186,51,192,5,2022-07-05
187,45,88,3,2022-07-06
188,77,109,7,2022-07-07
189,4,163,7,2022-07-08
190,62,70,1,2022-07-09
191,65,158,9,2022-07-10
192,32,199,2,2022-07-11
193,34,74,5,2022-07-12
194,92,63,5,2022-07-13
195,95,156,8,2022-07-14
196,72,60,8,2022-07-15
197,39,79,7,2022-07-16
198,26,37,7,2022-07-17
199,34,22,6,2022-07-18
200,54,196,6,2022-07-19
201,3,148,9,2022-07-20
202,50,96,6,2022-07-21
203,12,68,2,2022-07-22
204,65,192,2,2022-07-23
205,54,17,5,2022-07-24
206,5,12,4,2022-07-25
207,94,150,2,2022-07-26
208,94,145,3,2022-07-27
209,57,138,7,2022-07-28
210,17,118,8,2022-07-29
211,47,193,6,2022-07-30
212,23,22,5,2022-07-31
213,79,120,1,2022-08-01
214,85,50,8,2022-08-02
215,14,14,3,2022-08-03
216,66,192,6,2022-08-04
217,75,175,3,2022-08-05
218,51,29,7,2022-08-06
219,38,164,7,2022-08-07
220,64,180,9,2022-08-08
221,98,125,5,2022-08-09
222,38,7,8,2022-08-10
223,50,29,8,2022-08-11
224,98,139,1,2022-08-12
225,82,33,5,2022-08-13
226,30,134,3,2022-08-14
227,79,111,1,2022-08-15
228,91,79,4,2022-08-16
229,51,160,8,2022-08-17
230,63,179,3,2022-08-18
231,98,58,2,2022-08-19
232,52,26,9,2022-08-20
233,38,174,5,2022-08-21
234,97,29,7,2022-08-22
235,88,4,2,2022-08-23
236,79,99,9,2022-08-24
237,30,141,9,2022-08-25
238,51,39,4,2022-08-26
239,81,15,4,2022-08-27
240,5,119,6,2022-08-28
241,29,29,6,2022-08-29
242,4,157,1,2022-08-30
243,10,75,9,2022-08-31
244,56,116,2,2022-09-01
245,17,32,5,2022-09-02
246,74,130,9,2022-09-03
247,17,175,4,2022-09-04
248,84,84,3,2022-09-05
249,88,22,7,2022-09-06
250,69,27,6,2022-09-07
251,34,195,8,2022-09-08
252,6,81,3,2022-09-09
253,53,126,5,2022-09-10
254,66,184,4,2022-09-11
255,77,92,4,2022-09-12
256,43,21,4,2022-09-13
257,75,47,8,2022-09-14
258,23,101,6,2022-09-15
259,55,187,3,2022-09-16
260,80,84,5,2022-09-17
261,95,6,6,2022-09-18
262,75,147,5,2022-09-19
263,16,185,6,2022-09-20
264,8,197,8,2022-09-21
265,4,131,7,2022-09-22
266,4,1,5,2022-09-23
267,56,58,6,2022-09-24
268,25,124,4,2022-09-25
269,67,166,9,2022-09-26
270,96,15,4,2022-09-27
271,67,162,1,2022-09-28
272,27,189,7,2022-09-29
273,93,163,7,2022-09-30
274,32,64,4,2022-10-01
275,50,25,3,2022-10-02
276,61,24,8,2022-10-03
277,51,12,5,2022-10-04
278,19,18,7,2022-10-05
279,21,15,4,2022-10-06
280,5,27,4,2022-10-07
281,82,72,8,2022-10-08
282,92,60,8,2022-10-09
283,42,174,2,2022-10-10
284,61,145,2,2022-10-11
285,22,93,3,2022-10-12
286,21,53,3,2022-10-13
287,70,8,1,2022-10-14
288,1,79,3,2022-10-15
289,5,27,6,2022-10-16
290,12,174,8,2022-10-17
291,90,50,6,2022-10-18
292,46,199,5,2022-10-19
293,34,131,4,2022-10-20
294,49,93,3,2022-10-21
295,78,192,4,2022-10-22
296,90,172,7,2022-10-23
297,45,181,1,2022-10-24
298,27,24,7,2022-10-25
299,73,60,1,2022-10-26
300,26,122,2,2022-10-27
301,47,131,4,2022-10-28
302,86,148,1,2022-10-29
303,56,46,9,2022-10-30
304,94,15,6,2022-10-31
305,63,153,1,2022-11-01
306,48,199,1,2022-11-02
307,61,17,6,2022-11-03
308,81,126,4,2022-11-04
309,26,84,4,2022-11-05
310,36,9,6,2022-11-06
311,1,166,7,2022-11-07
312,8,176,9,2022-11-08
313,99,188,5,2022-11-09
314,52,63,9,2022-11-10
315,79,117,4,2022-11-11
316,47,130,2,2022-11-12
317,56,88,3,2022-11-13
318,86,72,1,2022-11-14
319,14,139,6,2022-11-15
320,90,64,6,2022-11-16
321,28,72,1,2022-11-17
322,87,21,3,2022-11-18
323,78,18,5,2022-11-19
324,88,64,3,2022-11-20
325,2,82,3,2022-11-21
326,26,110,3,2022-11-22
327,14,95,5,2022-11-23
328,59,166,5,2022-11-24
329,56,32,4,2022-11-25
330,7,11,1,2022-11-26
331,3,45,5,2022-11-27
332,23,33,5,2022-11-28
333,18,102,4,2022-11-29
334,38,169,6,2022-11-30
335,99,136,4,2022-12-01
336,15,11,7,2022-12-02
337,64,179,7,2022-12-03
338,89,88,2,2022-12-04
339,28,41,3,2022-12-05
340,74,145,1,2022-12-06
341,39,76,8,2022-12-07
342,57,121,9,2022-12-08
343,17,46,4,2022-12-09
344,86,160,6,2022-12-10
345,90,80,9,2022-12-11
346,44,54,6,2022-12-12
347,25,86,9,2022-12-13
348,17,92,4,2022-12-14
349,13,148,8,2022-12-15
350,84,161,9,2022-12-16
351,25,168,4,2022-12-17
352,68,160,5,2022-12-18
353,10,97,8,2022-12-19
354,67,2,6,2022-12-20
355,18,33,7,2022-12-21
356,100,158,3,2022-12-22
357,86,161,7,2022-12-23
358,34,77,8,2022-12-24
359,8,116,6,2022-12-25
360,40,154,9,2022-12-26
361,83,150,6,2022-12-27
362,42,103,9,2022-12-28
363,41,194,4,2022-12-29
364,6,166,8,2022-12-30
365,52,103,4,2022-12-31
366,26,90,2,2023-01-01
367,64,174,9,2023-01-02
368,98,122,5,2023-01-03
369,59,143,4,2023-01-04
370,56,106,2,2023-01-05
371,59,119,1,2023-01-06
372,70,172,7,2023-01-07
373,33,49,6,2023-01-08
374,53,104,2,2023-01-09
375,22,61,8,2023-01-10
376,21,195,4,2023-01-11
377,70,123,8,2023-01-12
378,70,134,7,2023-01-13
379,4,9,5,2023-01-14
380,94,6,8,2023-01-15
381,75,73,9,2023-01-16
382,62,103,5,2023-01-17
383,62,160,5,2023-01-18
384,94,41,2,2023-01-19
385,95,114,5,2023-01-20
386,24,8,3,2023-01-21
387,55,72,7,2023-01-22
388,9,178,5,2023-01-23
389,3,92,8,2023-01-24
390,31,62,1,2023-01-25
391,40,84,3,2023-01-26
392,36,62,3,2023-01-27
393,24,111,9,2023-01-28
394,95,127,5,2023-01-29
395,6,7,9,2023-01-30
396,66,84,9,2023-01-31
397,84,132,1,2023-02-01
398,92,134,2,2023-02-02
399,75,58,5,2023-02-03
400,4,22,4,2023-02-04
401,79,154,9,2023-02-05
402,6,127,7,2023-02-06
403,94,3,6,2023-02-07
404,51,127,7,2023-02-08
405,62,41,1,2023-02-09
406,57,188,1,2023-02-10
407,66,106,8,2023-02-11
408,79,14,2,2023-02-12
409,75,12,9,2023-02-13
410,8,87,7,2023-02-14
411,26,12,6,2023-02-15
412,51,141,1,2023-02-16
413,45,25,1,2023-02-17
414,44,45,2,2023-02-18
415,5,122,6,2023-02-19
416,70,147,6,2023-02-20
417,26,55,2,2023-02-21
418,68,100,1,2023-02-22
419,19,173,5,2023-02-23
420,84,136,5,2023-02-24
421,97,119,2,2023-02-25
422,20,53,6,2023-02-26
423,12,183,9,2023-02-27
424,47,32,2,2023-02-28
425,1,51,2,2023-03-01
426,90,44,3,2023-03-02
427,14,82,7,2023-03-03
428,64,198,6,2023-03-04
429,38,146,8,2023-03-05
430,37,150,8,2023-03-06
431,11,37,6,2023-03-07
432,100,96,3,2023-03-08
433,77,56,3,2023-03-09
434,3,105,1,2023-03-10
435,33,59,7,2023-03-11
436,6,131,5,2023-03-12
437,50,156,4,2023-03-13
438,10,35,4,2023-03-14
439,5,189,4,2023-03-15
440,23,93,6,2023-03-16
441,10,182,8,2023-03-17
442,44,191,8,2023-03-18
443,2,97,5,2023-03-19
444,13,135,6,2023-03-20
445,40,76,4,2023-03-21
446,2,49,9,2023-03-22
447,84,94,8,2023-03-23
448,65,159,1,2023-03-24
449,63,186,2,2023-03-25
450,73,189,9,2023-03-26
451,17,24,8,2023-03-27
452,9,148,3,2023-03-28
453,75,37,8,2023-03-29
454,15,4,1,2023-03-30
455,24,108,4,2023-03-31
456,38,126,3,2023-04-01
457,35,20,6,2023-04-02
458,94,188,7,2023-04-03
459,95,152,4,2023-04-04
460,49,50,7,2023-04-05
461,69,177,9,2023-04-06
462,62,179,2,2023-04-07
463,60,96,3,2023-04-08
464,50,105,5,2023-04-09
465,78,164,3,2023-04-10
466,75,117,8,2023-04-11
467,9,98,8,2023-04-12
468,34,66,8,2023-04-13
469,76,79,9,2023-04-14
470,99,162,4,2023-04-15
471,35,164,5,2023-04-16
472,1,6,5,2023-04-17
473,40,39,8,2023-04-18
474,64,170,7,2023-04-19
475,22,115,9,2023-04-20
476,60,186,8,2023-04-21
477,64,125,2,2023-04-22
478,93,12,4,2023-04-23
479,72,131,6,2023-04-24
480,11,18,2,2023-04-25
481,14,40,7,2023-04-26
482,60,21,3,2023-04-27
483,30,143,3,2023-04-28
484,35,99,2,2023-04-29
485,85,26,8,2023-04-30
486,37,8,6,2023-05-01
487,5,100,1,2023-05-02
488,83,87,1,2023-05-03
489,78,42,7,2023-05-04
490,26,172,8,2023-05-05
491,62,14,5,2023-05-06
492,4,78,5,2023-05-07
493,89,2,4,2023-05-08
494,42,119,6,2023-05-09
495,89,37,6,2023-05-10
496,18,69,3,2023-05-11
497,40,166,9,2023-05-12
498,72,41,7,2023-05-13
499,39,62,1,2023-05-14
500,14,60,7,2023-05-15
501,32,125,5,2023-05-16
502,51,111,5,2023-05-17
503,38,14,2,2023-05-18
504,97,84,4,2023-05-19
505,23,130,6,2023-05-20
506,63,70,7,2023-05-21
507,15,145,5,2023-05-22
508,97,123,9,2023-05-23
509,25,89,3,2023-05-24
510,17,28,1,2023-05-25
511,97,66,4,2023-05-26
512,66,163,9,2023-05-27
513,78,5,4,2023-05-28
514,53,193,2,2023-05-29
515,51,168,5,2023-05-30
516,39,184,3,2023-05-31
517,51,164,9,2023-06-01
518,70,45,4,2023-06-02
519,6,151,6,2023-06-03
520,67,47,2,2023-06-04
521,7,31,6,2023-06-05
522,51,139,3,2023-06-06
523,72,10,9,2023-06-07
524,42,195,2,2023-06-08
525,64,118,9,2023-06-09
526,15,14,5,2023-06-10
527,29,80,8,2023-06-11
528,33,93,2,2023-06-12
529,94,10,6,2023-06-13
530,27,76,3,2023-06-14
531,36,94,5,2023-06-15
532,29,105,8,2023-06-16
533,38,1,1,2023-06-17
534,57,133,5,2023-06-18
535,97,20,3,2023-06-19
536,27,8,4,2023-06-20
537,55,171,2,2023-06-21
538,33,1,9,2023-06-22
539,68,57,3,2023-06-23
540,86,64,2,2023-06-24
541,66,118,9,2023-06-25
542,10,28,7,2023-06-26
543,5,121,6,2023-06-27
544,74,107,1,2023-06-28
545,97,165,5,2023-06-29
546,38,175,3,2023-06-30
547,13,165,1,2023-07-01
548,31,49,4,2023-07-02
549,47,120,2,2023-07-03
550,100,44,2,2023-07-04
551,88,56,3,2023-07-05
552,52,156,8,2023-07-06
553,56,111,8,2023-07-07
554,15,134,7,2023-07-08
555,29,108,6,2023-07-09
556,8,189,9,2023-07-10
557,5,148,4,2023-07-11
558,29,114,1,2023-07-12
559,47,78,8,2023-07-13
560,68,130,7,2023-07-14
561,76,37,7,2023-07-15
562,45,20,3,2023-07-16
563,2,26,4,2023-07-17
564,27,29,9,2023-07-18
565,95,1,6,2023-07-19
566,36,119,5,2023-07-20
567,36,35,3,2023-07-21
568,26,198,9,2023-07-22
569,43,59,5,2023-07-23
570,27,69,5,2023-07-24
571,69,161,4,2023-07-25
572,20,179,4,2023-07-26
573,11,12,1,2023-07-27
574,74,20,7,2023-07-28
575,38,181,9,2023-07-29
576,6,43,3,2023-07-30
577,72,126,2,2023-07-31
578,23,50,3,2023-08-01
579,47,29,1,2023-08-02
580,90,185,6,2023-08-03
581,46,39,7,2023-08-04
582,12,184,2,2023-08-05
583,90,171,8,2023-08-06
584,13,178,6,2023-08-07
585,62,151,4,2023-08-08
586,82,172,5,2023-08-09
587,89,38,8,2023-08-10
588,97,84,3,2023-08-11
589,60,151,3,2023-08-12
590,43,128,4,2023-08-13
591,76,126,1,2023-08-14
592,100,45,9,2023-08-15
593,68,52,8,2023-08-16
594,5,80,8,2023-08-17
595,37,178,6,2023-08-18
596,72,124,7,2023-08-19
597,92,119,6,2023-08-20
598,31,8,9,2023-08-21
599,9,85,3,2023-08-22
600,51,129,3,2023-08-23
601,29,8,3,2023-08-24
602,78,157,3,2023-08-25
603,40,96,9,2023-08-26
604,41,102,4,2023-08-27
605,86,5,7,2023-08-28
606,11,86,9,2023-08-29
607,23,175,7,2023-08-30
608,1,34,9,2023-08-31
609,46,193,3,2023-09-01
610,21,55,4,2023-09-02
611,90,119,8,2023-09-03
612,36,171,6,2023-09-04
613,54,158,5,2023-09-05
614,87,114,4,2023-09-06
615,57,145,8,2023-09-07
616,1,26,1,2023-09-08
617,63,136,9,2023-09-09
618,54,47,1,2023-09-10
619,55,113,8,2023-09-11
620,40,76,4,2023-09-12
621,15,72,9,2023-09-13
622,21,89,5,2023-09-14
623,47,46,3,2023-09-15
624,73,196,9,2023-09-16
625,53,33,9,2023-09-17
626,9,1,4,2023-09-18
627,74,147,4,2023-09-19
628,52,31,8,2023-09-20
629,57,142,2,2023-09-21
630,26,53,9,2023-09-22
631,41,48,6,2023-09-23
632,35,69,9,2023-09-24
633,63,105,8,2023-09-25
634,25,90,7,2023-09-26
635,90,190,1,2023-09-27
636,75,194,3,2023-09-28
637,38,192,2,2023-09-29
638,2,198,5,2023-09-30
639,7,63,5,2023-10-01
640,82,73,5,2023-10-02
641,91,161,4,2023-10-03
642,34,169,5,2023-10-04
643,91,89,3,2023-10-05
644,17,176,1,2023-10-06
645,43,13,5,2023-10-07
646,59,73,9,2023-10-08
647,51,77,9,2023-10-09
648,54,159,4,2023-10-10
649,24,68,3,2023-10-11
650,25,98,1,2023-10-12
651,71,125,2,2023-10-13
652,52,102,8,2023-10-14
653,70,132,1,2023-10-15
654,88,102,8,2023-10-16
655,33,19,7,2023-10-17
656,49,198,8,2023-10-18
657,29,82,6,2023-10-19
658,63,141,9,2023-10-20
659,22,23,3,2023-10-21
660,26,83,4,2023-10-22
661,28,109,6,2023-10-23
662,85,75,8,2023-10-24
663,49,129,5,2023-10-25
664,71,88,3,2023-10-26
665,81,54,6,2023-10-27
666,84,199,4,2023-10-28
667,49,89,9,2023-10-29
668,20,143,3,2023-10-30
669,86,65,4,2023-10-31
670,92,76,7,2023-11-01
671,63,199,7,2023-11-02
672,61,143,4,2023-11-03
673,49,149,6,2023-11-04
674,71,147,3,2023-11-05
675,1,60,6,2023-11-06
676,96,93,2,2023-11-07
677,13,161,8,2023-11-08
678,94,49,2,2023-11-09
679,87,35,7,2023-11-10
680,51,172,9,2023-11-11
681,56,102,1,2023-11-12
682,83,11,8,2023-11-13
683,62,99,7,2023-11-14
684,32,200,6,2023-11-15
685,30,110,6,2023-11-16
686,29,74,6,2023-11-17
687,49,194,9,2023-11-18
688,45,174,2,2023-11-19
689,93,9,1,2023-11-20
690,30,3,6,2023-11-21
691,16,85,8,2023-11-22
692,40,26,3,2023-11-23
693,19,72,1,2023-11-24
694,18,48,9,2023-11-25
695,1,194,1,2023-11-26
696,78,198,3,2023-11-27
697,47,156,8,2023-11-28
698,66,117,3,2023-11-29
699,92,154,4,2023-11-30
700,94,153,8,2023-12-01
701,38,12,1,2023-12-02
702,51,133,6,2023-12-03
703,63,48,1,2023-12-04
704,4,37,1,2023-12-05
705,1,44,8,2023-12-06
706,8,15,4,2023-12-07
707,29,43,1,2023-12-08
708,55,176,7,2023-12-09
709,3,87,5,2023-12-10
710,32,70,5,2023-12-11
711,10,46,1,2023-12-12
712,74,108,6,2023-12-13
713,83,123,9,2023-12-14
714,34,171,9,2023-12-15
715,97,21,8,2023-12-16
716,87,151,5,2023-12-17
717,55,107,1,2023-12-18
718,92,80,9,2023-12-19
719,32,47,1,2023-12-20
720,50,117,8,2023-12-21
721,7,124,5,2023-12-22
722,93,143,3,2023-12-23
723,8,25,7,2023-12-24
724,65,36,7,2023-12-25
725,57,51,9,2023-12-26
726,67,15,7,2023-12-27
727,88,68,3,2023-12-28
728,87,21,1,2023-12-29
729,59,141,8,2023-12-30
730,72,19,3,2023-12-31
731,54,34,8,2024-01-01
732,67,78,8,2024-01-02
733,51,125,5,2024-01-03
734,97,196,1,2024-01-04
735,92,117,7,2024-01-05
736,8,52,5,2024-01-06
737,34,27,8,2024-01-07
738,35,157,9,2024-01-08
739,96,156,7,2024-01-09
740,88,35,7,2024-01-10
741,78,136,1,2024-01-11
742,32,144,4,2024-01-12
743,46,106,2,2024-01-13
744,16,164,2,2024-01-14
745,68,158,2,2024-01-15
746,37,146,4,2024-01-16
747,54,2,1,2024-01-17
748,85,177,4,2024-01-18
749,14,77,2,2024-01-19
750,95,132,5,2024-01-20
751,55,90,3,2024-01-21
752,48,89,8,2024-01-22
753,82,94,4,2024-01-23
754,7,7,1,2024-01-24
755,74,95,1,2024-01-25
756,7,108,3,2024-01-26
757,33,74,9,2024-01-27
758,23,39,7,2024-01-28
759,85,141,2,2024-01-29
760,19,159,9,2024-01-30
761,19,71,2,2024-01-31
762,36,191,3,2024-02-01
763,29,56,2,2024-02-02
764,60,170,3,2024-02-03
765,82,189,6,2024-02-04
766,2,42,9,2024-02-05
767,1,184,9,2024-02-06
768,47,36,7,2024-02-07
769,69,84,3,2024-02-08
770,20,196,4,2024-02-09
771,11,118,6,2024-02-10
772,2,7,5,2024-02-11
773,67,54,2,2024-02-12
774,87,129,6,2024-02-13
775,12,172,3,2024-02-14
776,20,120,8,2024-02-15
777,5,173,2,2024-02-16
778,37,106,1,2024-02-17
779,38,47,9,2024-02-18
780,94,123,3,2024-02-19
781,9,141,1,2024-02-20
782,98,119,7,2024-02-21
783,53,150,5,2024-02-22
784,44,118,5,2024-02-23
785,99,21,1,2024-02-24
786,86,137,9,2024-02-25
787,24,26,7,2024-02-26
788,81,9,8,2024-02-27
789,74,15,9,2024-02-28
790,30,10,6,2024-02-29
791,59,122,5,2024-03-01
792,87,121,6,2024-03-02
793,96,125,2,2024-03-03
794,81,170,4,2024-03-04
795,81,72,3,2024-03-05
796,14,152,7,2024-03-06
797,9,49,9,2024-03-07
798,40,154,5,2024-03-08
799,66,91,6,2024-03-09
800,25,37,2,2024-03-10
801,73,68,3,2024-03-11
802,22,50,3,2024-03-12
803,4,152,9,2024-03-13
804,26,19,7,2024-03-14
805,58,100,8,2024-03-15
806,29,60,9,2024-03-16
807,98,167,6,2024-03-17
808,87,89,4,2024-03-18
809,37,146,1,2024-03-19
810,75,147,8,2024-03-20
811,70,164,7,2024-03-21
812,18,183,2,2024-03-22
813,85,69,8,2024-03-23
814,42,175,5,2024-03-24
815,100,49,7,2024-03-25
816,41,108,4,2024-03-26
817,38,161,5,2024-03-27
818,34,119,8,2024-03-28
819,17,149,1,2024-03-29
820,37,150,1,2024-03-30
821,25,176,4,2024-03-31
822,76,37,3,2024-04-01
823,87,143,2,2024-04-02
824,86,163,3,2024-04-03
825,85,199,1,2024-04-04
826,27,160,1,2024-04-05
827,57,11,6,2024-04-06
828,31,138,5,2024-04-07
829,6,78,8,2024-04-08
830,91,77,2,2024-04-09
831,40,185,4,2024-04-10
832,98,153,8,2024-04-11
833,12,2,6,2024-04-12
834,53,64,1,2024-04-13
835,71,35,4,2024-04-14
836,10,7,1,2024-04-15
837,45,85,2,2024-04-16
838,17,146,5,2024-04-17
839,26,67,8,2024-04-18
840,85,42,8,2024-04-19
841,92,118,3,2024-04-20
842,62,125,4,2024-04-21
843,46,167,6,2024-04-22
844,64,169,3,2024-04-23
845,2,24,2,2024-04-24
846,54,188,6,2024-04-25
847,65,46,5,2024-04-26
848,51,19,5,2024-04-27
849,53,68,5,2024-04-28
850,36,102,5,2024-04-29
851,26,42,3,2024-04-30
852,29,32,7,2024-05-01
853,21,167,6,2024-05-02
854,11,109,4,2024-05-03
855,40,36,2,2024-05-04
856,11,97,9,2024-05-05
857,36,164,1,2024-05-06
858,59,131,4,2024-05-07
859,39,73,1,2024-05-08
860,99,136,6,2024-05-09
861,54,97,4,2024-05-10
862,98,123,5,2024-05-11
863,55,70,5,2024-05-12
864,24,169,9,2024-05-13
865,22,196,1,2024-05-14
866,69,13,2,2024-05-15
867,56,49,6,2024-05-16
868,33,60,5,2024-05-17
869,36,130,7,2024-05-18
870,20,188,3,2024-05-19
871,83,5,3,2024-05-20
872,99,172,2,2024-05-21
873,81,27,3,2024-05-22
874,62,160,1,2024-05-23
875,98,149,5,2024-05-24
876,73,8,5,2024-05-25
877,26,200,7,2024-05-26
878,66,50,4,2024-05-27
879,73,67,3,2024-05-28
880,73,44,1,2024-05-29
881,40,125,8,2024-05-30
882,17,58,3,2024-05-31
883,1,3,2,2024-06-01
884,89,86,4,2024-06-02
885,61,70,3,2024-06-03
886,43,130,1,2024-06-04
887,42,172,3,2024-06-05
888,25,2,2,2024-06-06
889,39,102,8,2024-06-07
890,35,35,6,2024-06-08
891,3,98,9,2024-06-09
892,44,30,8,2024-06-10
893,51,116,3,2024-06-11
894,94,8,5,2024-06-12
895,98,150,7,2024-06-13
896,12,44,5,2024-06-14
897,19,186,8,2024-06-15
898,44,36,5,2024-06-16
899,59,197,1,2024-06-17
900,49,77,5,2024-06-18
901,61,31,4,2024-06-19
902,17,47,6,2024-06-20
903,74,55,3,2024-06-21
904,57,106,5,2024-06-22
905,55,190,2,2024-06-23
906,47,158,6,2024-06-24
907,12,121,6,2024-06-25
908,62,55,5,2024-06-26
909,80,144,6,2024-06-27
910,88,12,7,2024-06-28
911,83,145,5,2024-06-29
912,8,144,1,2024-06-30
913,95,140,8,2024-07-01
914,21,136,4,2024-07-02
915,81,3,9,2024-07-03
916,87,144,6,2024-07-04
917,80,30,1,2024-07-05
918,70,23,3,2024-07-06
919,72,92,3,2024-07-07
920,25,115,4,2024-07-08
921,82,104,6,2024-07-09
922,89,118,7,2024-07-10
923,12,5,4,2024-07-11
924,15,104,6,2024-07-12
925,59,108,1,2024-07-13
926,26,65,8,2024-07-14
927,26,121,7,2024-07-15
928,47,30,9,2024-07-16
929,32,149,3,2024-07-17
930,10,84,2,2024-07-18
931,16,198,1,2024-07-19
932,71,150,3,2024-07-20
933,17,200,5,2024-07-21
934,23,32,2,2024-07-22
935,26,161,3,2024-07-23
936,85,16,4,2024-07-24
937,86,38,7,2024-07-25
938,7,142,3,2024-07-26
939,14,36,9,2024-07-27
940,79,151,8,2024-07-28
941,7,114,4,2024-07-29
942,9,66,1,2024-07-30
943,48,105,1,2024-07-31
944,72,85,1,2024-08-01
945,59,2,1,2024-08-02
946,87,193,8,2024-08-03
947,93,75,3,2024-08-04
948,82,67,6,2024-08-05
949,95,180,3,2024-08-06
950,94,190,5,2024-08-07
951,39,151,7,2024-08-08
952,99,154,2,2024-08-09
953,18,196,6,2024-08-10
954,59,55,6,2024-08-11
955,17,6,3,2024-08-12
956,14,163,6,2024-08-13
957,31,150,5,2024-08-14
958,24,171,2,2024-08-15
959,99,143,9,2024-08-16
960,60,86,8,2024-08-17
961,45,60,3,2024-08-18
962,98,101,8,2024-08-19
963,3,12,9,2024-08-20
964,37,49,3,2024-08-21
965,43,42,3,2024-08-22
966,40,166,2,2024-08-23
967,90,82,8,2024-08-24
968,55,173,1,2024-08-25
969,87,35,8,2024-08-26
970,39,158,7,2024-08-27
971,15,158,7,2024-08-28
972,4,134,3,2024-08-29
973,93,67,1,2024-08-30
974,86,80,4,2024-08-31
975,25,7,9,2024-09-01
976,13,180,5,2024-09-02
977,82,14,1,2024-09-03
978,33,73,5,2024-09-04
979,16,143,8,2024-09-05
980,42,149,8,2024-09-06
981,66,163,5,2024-09-07
982,55,66,9,2024-09-08
983,99,91,1,2024-09-09
984,42,130,4,2024-09-10
985,34,163,3,2024-09-11
986,30,20,2,2024-09-12
987,13,10,8,2024-09-13
988,13,25,7,2024-09-14
989,18,194,9,2024-09-15
990,32,25,2,2024-09-16
991,96,54,4,2024-09-17
992,99,33,6,2024-09-18
993,39,164,3,2024-09-19
994,46,95,8,2024-09-20
995,29,14,3,2024-09-21
996,62,65,2,2024-09-22
997,93,110,3,2024-09-23
998,62,80,6,2024-09-24
999,57,54,2,2024-09-25
1000,16,125,8,2024-09-26
